,ID,post_id,post_title,post_excerpt,post_content_filtered,post_content,post_name,post_parent,permalink,guid,each_description,case_description,ad_copy_text,ItemId,ItemIdText,StoreLocationId,ProductName,BrandName,BrandNameClean,BrandNameLower,Description,FullText,Price,SalePrice,UPCs,SubCategoryName,CategoryName,DepartmentName,DisableOrdering,OnSale,Featured,StorageDescription,ProductSize,UnitOfMeasure,SellUnit,total_popularity,trending_popularity,ProductFacets,score,terms.brand,terms
0,2424891820,16101,Finely Shredded Lettuce,,"<p>Lettuce, Iceberg, 1/8 Inch Cut Shredded, Fresh Cut, 5 Lb Bag</p>","<p>Lettuce, Iceberg, 1/8 Inch Cut Shredded, Fresh Cut, 5 Lb Bag</p>",242489,0,https://gfsstore.com/products/242489/,https://gfsstore.com/products/242489/,,,"<p>Lettuce, Iceberg, 1/8 Inch Cut Shredded, Fresh Cut, 5 Lb Bag</p>","['2424891', '242489']",2424891|242489,182,Finely Shredded Lettuce,Ready-Set-Serve,Ready-Set-Serve,ready-set-serve,"Lettuce, Iceberg, 1/8 Inch Cut Shredded, Fresh Cut, 5 Lb Bag","Finely Shredded Lettuce Ready-Set-Serve Ready-to-Use Vegetables Lettuce, Iceberg, 1/8 Inch Cut Shredded, Fresh Cut, 5 Lb Bag",8.99,,"['093901242488', '400024248912', '611628919102', '611628919300']",VALUE-ADD LETTUCE & SALAD GREENS,Ready-to-Use Vegetables,Produce,,,,Cooler,80,OZ,Bag,100,1457,"[{'facet_name': 'Vegetables', 'facet_value': 'Leafy Greens', 'facet_term_id': 1078}, {'facet_name': 'Party Menu Faves', 'facet_value': 'Taco Bar', 'facet_term_id': 1057}]",,"[{'term_id': 50, 'slug': 'markon-ready-set-serve', 'name': 'Markon Ready Set Serve', 'parent': 0, 'term_taxonomy_id': 50}]",
1,7248011820,18536,Strawberries,,"<p>Strawberries, Fresh, Strawberry, 1 Lb Carton</p>","<p>Strawberries, Fresh, Strawberry, 1 Lb Carton</p>",724801,0,https://gfsstore.com/?post_type=product&#038;p=18536,https://gfsstore.com/?post_type=product&#038;p=18536,,,"<p>Strawberries, Fresh, Strawberry, 1 Lb Carton</p>","['7248011', '724801']",7248011|724801,182,Strawberries,,,,"<p>Strawberries, Fresh, Strawberry, 1 Lb Carton</p>","Strawberries  Fresh Fruit <p>Strawberries, Fresh, Strawberry, 1 Lb Carton</p>",3.99,,"['033383200279', '033383200330', '033383201276', '036800490406', '066022003719', '066022006758', '069298701037', '069905899935', '071430007525', '196852999248', '400072480111', '611628926827', '627843460466', '648196002332', '665290001184', '665290001825', '671704000018', '700750016312', '715756200023', '715756200115', '715756506019', '715756601011', '740075000894', '740075001631', '7503028154005', '75030281540050', '7503035642007', '7503281540058', '769197404021', '780353784030', '811334020158', '811334020288', '811993030000', '812049005102', '812092030175', '812794010437', '850001934008', '850007478063', '850025483100', '850582002004', '850789002036', '852575008284', '852575008550', '852990008500', '853447003024', '853447003390', '853447003642', '853951002025', '854013002014', '854151002679', '854877007019', '856612001115', '856694007371', '857620003030', '857895003001', '859426005003', '859426005065', '8603']",FRESH BERRIES,Fresh Fruit,Produce,,,,Cooler,16,OZ,Carton,8,768,"[{'facet_name': 'Fruits', 'facet_value': 'Strawberries', 'facet_term_id': 1034}]",,,[]
2,6958211820,18964,Iceberg Lettuce,,"<p>Lettuce, Iceberg, Fresh, 1 Ct Package</p>","<p>Lettuce, Iceberg, Fresh, 1 Ct Package</p>",695821,0,https://gfsstore.com/?post_type=product&#038;p=18964,https://gfsstore.com/?post_type=product&#038;p=18964,,,"<p>Lettuce, Iceberg, Fresh, 1 Ct Package</p>","['6958211', '695821']",6958211|695821,182,Iceberg Lettuce,Dandy,Dandy,dandy,"Lettuce, Iceberg, Fresh, 1 Ct Package","Iceberg Lettuce Dandy Fresh Vegetables Lettuce, Iceberg, Fresh, 1 Ct Package",2.79,,"['000651011004', '027918040614', '033383650203', '033383650708', '060556200408', '071430031872', '072668100019', '073574650209', '073574650506', '400069582118', '60556200408', '65951300012', '659513000122', '738761300151', '740695650202', '740695650219', '765321650203', '858959004514', '858959004910', '866135000021']",FRESH LETTUCE & SALAD GREENS,Fresh Vegetables,Produce,,,,Cooler,1,EA,Package,3,482,"[{'facet_name': 'Vegetables', 'facet_value': 'Leafy Greens', 'facet_term_id': 1078}, {'facet_name': 'Party Menu Faves', 'facet_value': 'Sandwiches &amp; Sliders', 'facet_term_id': 1059}, {'facet_name': 'Party Menu Faves', 'facet_value': 'Taco Bar', 'facet_term_id': 1057}]",,,[]
3,1847501820,17932,Fresh Grape Tomatoes,,"<p>Tomatoes, Grape, Sweet, Fresh, 2 Lb Package</p>","<p>Tomatoes, Grape, Sweet, Fresh, 2 Lb Package</p>",184750,0,https://gfsstore.com/?post_type=product&#038;p=17932,https://gfsstore.com/?post_type=product&#038;p=17932,,,"<p>Tomatoes, Grape, Sweet, Fresh, 2 Lb Package</p>","['1847501', '184750']",1847501|184750,182,Fresh Grape Tomatoes,,,,"Tomatoes, Grape, Sweet, Fresh, 2 Lb Package","Fresh Grape Tomatoes  Fresh Vegetables Tomatoes, Grape, Sweet, Fresh, 2 Lb Package",5.49,,"['010087184753', '057836655867', '716310961909', '796553457889', '910087847576', '910087848153']",FRESH TOMATOES,Fresh Vegetables,Produce,,,,Cooler,32,OZ,Package,1309,445,"[{'facet_name': 'Vegetables', 'facet_value': 'Tomatoes', 'facet_term_id': 1152}]",,,[]
4,7953521820,18567,Fresh Vine-Ripened Tomatoes,,"<p>Tomatoes, Fresh, 4 Ct Package</p>","<p>Tomatoes, Fresh, 4 Ct Package</p>",795352,0,https://gfsstore.com/?post_type=product&#038;p=18567,https://gfsstore.com/?post_type=product&#038;p=18567,,,"<p>Tomatoes, Fresh, 4 Ct Package</p>","['7953521', '795352']",7953521|795352,182,Fresh Vine-Ripened Tomatoes,,,,"Tomatoes, Fresh, 4 Ct Package","Fresh Vine-Ripened Tomatoes  Fresh Vegetables Tomatoes, Fresh, 4 Ct Package",2.79,,"['400079535210', '796553200621']",FRESH TOMATOES,Fresh Vegetables,Produce,,,,Dry,4,EA,Package,1136,392,"[{'facet_name': 'Vegetables', 'facet_value': 'Tomatoes', 'facet_term_id': 1152}]",,,[]
5,7259611820,34713,Bananas,,"<p>Banana, Fresh, 40 Lb Package</p>","<p>Banana, Fresh, 40 Lb Package</p>",725961,0,https://gfsstore.com/?post_type=product&#038;p=34713,https://gfsstore.com/?post_type=product&#038;p=34713,,,"<p>Banana, Fresh, 40 Lb Package</p>","['7259611', '725961']",7259611|725961,182,Bananas,,,,"<p>Banana, Fresh, Approximately 0.4lbs each</p>","Bananas  Fresh Fruit <p>Banana, Fresh, Approximately 0.4lbs each</p>",0.59,,['400072596119'],FRESH BANANAS,Fresh Fruit,Produce,,,,Dry,7.11,OZ,Package,6,391,"[{'facet_name': 'Fruits', 'facet_value': 'Bananas', 'facet_term_id': 1021}]",,,[]
6,6659921820,51589,Large Cucumbers,,"<p>Cucumbers, Fresh</p>","<p>Cucumbers, Fresh</p>",665992,0,https://gfsstore.com/products/665992/,https://gfsstore.com/products/665992/,,,"<p>Cucumbers, Fresh</p>","['6659921', '665992']",6659921|665992,182,Large Cucumbers,,,,"Cucumbers, Fresh","Large Cucumbers  Fresh Vegetables Cucumbers, Fresh",0.79,,['400066599218'],FRESH GOURDS,Fresh Vegetables,Produce,,,,Cooler,1,EA,Each,1146,378,"[{'facet_name': 'Vegetables', 'facet_value': 'Cucumbers', 'facet_term_id': 1077}]",,,[]
7,1885851820,139705,Blueberries,,"<p>Blueberry, 1 Each, 1 Pint</p>","<p>Blueberry, 1 Each, 1 Pint</p>",188585,0,https://gfsstore.com/products/188585/,https://gfsstore.com/products/188585/,,,"<p>Blueberry, 1 Each, 1 Pint</p>","['1885851', '188585']",1885851|188585,182,Blueberries,,,,"Blueberry, 1 Each, 1 Pint","Blueberries  Fresh Fruit Blueberry, 1 Each, 1 Pint",3.59,,"['033383220017', '033383221014', '033383221281', '033383222011', '040232451676', '045868000014', '052901000207', '052901700206', '066022000909', '071430011515', '400018858516', '665290050403', '671704000193', '697443102011', '6974431020118', '708174220018', '715756300044', '715756500031', '7157565001164', '717524222022', '740121222010', '740121222287', '7503015780095', '750302898507', '757362000277', '761635203609', '769197300071', '769197300231', '7750399001616', '7751262002686', '7751262002907', '7751262003775', '7754171001177', '77541710011778', '7754171001214', '7754171001252', '7757362000027', '7758452000392', '77584520003922', '7800122000291', '7804628071359', '7804628071380', '7804632880138', '7804642320020', '7804643410027', '7804650090113', '7804650300021', '7804653750021', '7804654660015', '780837000434', '811334020226', '811654020036', '811654020081', '812049006406', '812049006901', '812092030']",FRESH BERRIES,Fresh Fruit,Produce,,,,Cooler,1,EA,Package,3,325,[],,,[]
8,2065041820,15975,Fresh Cut Salad Mix,,"<p>Salad Blend, Mixed, with Iceberg/Carrots/Red Cabbage, Fresh Cut, 5 Lb Bag</p>","<p>Salad Blend, Mixed, with Iceberg/Carrots/Red Cabbage, Fresh Cut, 5 Lb Bag</p>",206504,0,https://gfsstore.com/products/206504/,https://gfsstore.com/products/206504/,,,"<p>Salad Blend, Mixed, with Iceberg/Carrots/Red Cabbage, Fresh Cut, 5 Lb Bag</p>","['2065041', '206504']",2065041|206504,182,Fresh Cut Salad Mix,Ready-Set-Serve,Ready-Set-Serve,ready-set-serve,"Salad Blend, Mixed, with Iceberg/Carrots/Red Cabbage, Fresh Cut, 5 Lb Bag","Fresh Cut Salad Mix Ready-Set-Serve Ready-to-Use Vegetables Salad Blend, Mixed, with Iceberg/Carrots/Red Cabbage, Fresh Cut, 5 Lb Bag",8.99,,"['093901206503', '400020650412', '611628926353']",VALUE-ADD LETTUCE & SALAD GREENS,Ready-to-Use Vegetables,Produce,,,,Cooler,80,OZ,Bag,42,318,"[{'facet_name': 'Vegetables', 'facet_value': 'Leafy Greens', 'facet_term_id': 1078}]",,"[{'term_id': 50, 'slug': 'markon-ready-set-serve', 'name': 'Markon Ready Set Serve', 'parent': 0, 'term_taxonomy_id': 50}]",
9,6930781820,16788,Spanish Onions,,"<p>Onions, Yellow, Fresh, 3 Lb Bag</p>","<p>Onions, Yellow, Fresh, 3 Lb Bag</p>",693078,0,https://gfsstore.com/products/693078/,https://gfsstore.com/products/693078/,,,"<p>Onions, Yellow, Fresh, 3 Lb Bag</p>","['6930781', '693078']",6930781|693078,182,Spanish Onions,,,,"Onions, Yellow, Fresh, 3 Lb Bag","Spanish Onions  Fresh Vegetables Onions, Yellow, Fresh, 3 Lb Bag",2.79,,"['033383041643', '033383600024', '033383900018', '034924000488', '047303011036', '071228131333', '400069307810', '400075417114', '605806001239', '659513000221', '705123600020', '735718000041', '819255021063', '824206000288', '851533003293', '851573002355', '857514004006', '884853630214', '885677711103']",FRESH ONIONS,Fresh Vegetables,Produce,,,,Cooler,48,OZ,Bag,3,318,"[{'facet_name': 'Vegetables', 'facet_value': 'Onions', 'facet_term_id': 1107}]",,,[]
10,6775581820,16741,Fancy Lemons,,"<p>Lemons, Fancy, Fresh, 2 Lb Bag</p>","<p>Lemons, Fancy, Fresh, 2 Lb Bag</p>",677558,0,https://gfsstore.com/products/677558/,https://gfsstore.com/products/677558/,,,"<p>Lemons, Fancy, Fresh, 2 Lb Bag</p>","['6775581', '677558']",6775581|677558,182,Fancy Lemons,,,,"Lemons, Fancy, Fresh, 2 Lb Bag","Fancy Lemons  Fresh Fruit Lemons, Fancy, Fresh, 2 Lb Bag",2.99,,"['021130105373', '033383115023', '033383115030', '033383115207', '033383119069', '033383119076', '033383140209', '033831150231', '036515119067', '042808002299', '042808349066', '072240526503', '072240546792', '078100043265', '078100043357', '078100043364', '096704001504', '211301053736', '400067755811', '42808349066', '605049442103', '605049458425', '605049465577', '605049551201', '791928115029', '791928215026', '819265011559', '845857000663', '847204010189', '847204010479', '847204010516', '847204011650', '850002235753', '850027724041', '854384003283', '857502005176', '884853623094', '885182127000']",FRESH CITRUS,Fresh Fruit,Produce,,,,Cooler,32,OZ,Bag,1,312,"[{'facet_name': 'Fruits', 'facet_value': 'Lemons', 'facet_term_id': 1025}]",,,[]
11,1983071820,15942,Diced Onions,,"<p>Onions, 1/4 Inch Diced, Fresh Cut, 5 Lb Bag</p>","<p>Onions, 1/4 Inch Diced, Fresh Cut, 5 Lb Bag</p>",198307,0,https://gfsstore.com/products/198307/,https://gfsstore.com/products/198307/,,,"<p>Onions, 1/4 Inch Diced, Fresh Cut, 5 Lb Bag</p>","['1983071', '198307']",1983071|198307,182,Diced Onions,Ready-Set-Serve,Ready-Set-Serve,ready-set-serve,"Onions, 1/4 Inch Diced, Fresh Cut, 5 Lb Bag","Diced Onions Ready-Set-Serve Ready-to-Use Vegetables Onions, 1/4 Inch Diced, Fresh Cut, 5 Lb Bag",13.99,,"['074000198302', '093901198303', '400019830719', '611628921150', '611628951102', '611628951119']",VALUE-ADD ONIONS,Ready-to-Use Vegetables,Produce,,,,Cooler,80,OZ,Bag,3,295,"[{'facet_name': 'Party Menu Faves', 'facet_value': 'BBQ', 'facet_term_id': 1058}, {'facet_name': 'Vegetables', 'facet_value': 'Onions', 'facet_term_id': 1107}, {'facet_name': 'Party Menu Faves', 'facet_value': 'Sandwiches &amp; Sliders', 'facet_term_id': 1059}, {'facet_name': 'Party Menu Faves', 'facet_value': 'Taco Bar', 'facet_term_id': 1057}]",,"[{'term_id': 50, 'slug': 'markon-ready-set-serve', 'name': 'Markon Ready Set Serve', 'parent': 0, 'term_taxonomy_id': 50}]",
12,5106371820,16439,Baby Carrots,,"<p>Carrots, Baby Whole, Cleaned, Reclosable, Fresh Cut, 2 Lb Bag</p>","<p>Carrots, Baby Whole, Cleaned, Reclosable, Fresh Cut, 2 Lb Bag</p>",510637,0,https://gfsstore.com/products/510637/,https://gfsstore.com/products/510637/,,,"<p>Carrots, Baby Whole, Cleaned, Reclosable, Fresh Cut, 2 Lb Bag</p>","['5106371', '510637']",5106371|510637,182,Baby Carrots,Ready-Set-Serve,Ready-Set-Serve,ready-set-serve,"Carrots, Baby Whole, Cleaned, Reclosable, Fresh Cut, 2 Lb Bag","Baby Carrots Ready-Set-Serve Ready-to-Use Vegetables Carrots, Baby Whole, Cleaned, Reclosable, Fresh Cut, 2 Lb Bag",2.89,,"['003338366602', '033383666044', '071464100568', '400051063717', '605806124051', '611628950006', '611628950129']",VALUE-ADD CARROTS,Ready-to-Use Vegetables,Produce,,,,Cooler,32,OZ,Bag,1085,285,"[{'facet_name': 'Vegetables', 'facet_value': 'Carrots', 'facet_term_id': 1017}]",,"[{'term_id': 50, 'slug': 'markon-ready-set-serve', 'name': 'Markon Ready Set Serve', 'parent': 0, 'term_taxonomy_id': 50}]",
13,1982261820,15941,Shredded Cole Slaw Mix,,"<p>Coleslaw, Shredded, with Green Cabbage/Red Cabbage/Carrots, Separate Components, Fresh Cut, 5 Lb Bag</p>","<p>Coleslaw, Shredded, with Green Cabbage/Red Cabbage/Carrots, Separate Components, Fresh Cut, 5 Lb Bag</p>",198226,0,https://gfsstore.com/products/198226/,https://gfsstore.com/products/198226/,,,"<p>Coleslaw, Shredded, with Green Cabbage/Red Cabbage/Carrots, Separate Components, Fresh Cut, 5 Lb Bag</p>","['1982261', '198226']",1982261|198226,182,Shredded Cole Slaw Mix,Ready-Set-Serve,Ready-Set-Serve,ready-set-serve,"Coleslaw, Shredded, with Green Cabbage/Red Cabbage/Carrots, Separate Components, Fresh Cut, 5 Lb Bag","Shredded Cole Slaw Mix Ready-Set-Serve Ready-to-Use Vegetables Coleslaw, Shredded, with Green Cabbage/Red Cabbage/Carrots, Separate Components, Fresh Cut, 5 Lb Bag",6.99,,"['093901198228', '400019822615', '611628917603']",VALUE-ADD CABBAGE,Ready-to-Use Vegetables,Produce,,,,Cooler,80,OZ,Bag,34,274,"[{'facet_name': 'Vegetables', 'facet_value': 'Cabbage', 'facet_term_id': 1015}]",,"[{'term_id': 50, 'slug': 'markon-ready-set-serve', 'name': 'Markon Ready Set Serve', 'parent': 0, 'term_taxonomy_id': 50}]",
14,4938611820,56771,Cantaloupe,,"<p>Melons, Cantaloupe, Fresh</p>","<p>Melons, Cantaloupe, Fresh</p>",493861,0,https://gfsstore.com/products/493861/,https://gfsstore.com/products/493861/,,,"<p>Melons, Cantaloupe, Fresh</p>","['4938611', '493861']",4938611|493861,182,Cantaloupe,,,,"Melons, Cantaloupe, Fresh","Cantaloupe  Fresh Fruit Melons, Cantaloupe, Fresh",5.19,,"['400049386118', '707375040500', '717524410085', '736558000000']",FRESH MELONS,Fresh Fruit,Produce,,,,Cooler,1.11,EA,Each,1,261,"[{'facet_name': 'Fruits', 'facet_value': 'Melons', 'facet_term_id': 1040}]",,,[]
15,7665311820,108329,Romaine Lettuce Hearts,,"<p>Lettuce, Romaine Hearts, Fresh, 3 Ct Bag</p>","<p>Lettuce, Romaine Hearts, Fresh, 3 Ct Bag</p>",766531,0,https://gfsstore.com/products/766531/,https://gfsstore.com/products/766531/,,,"<p>Lettuce, Romaine Hearts, Fresh, 3 Ct Bag</p>","['7665311', '766531']",7665311|766531,182,Romaine Lettuce Hearts,,,,"Lettuce, Romaine Hearts, Fresh, 3 Ct Bag","Romaine Lettuce Hearts  Fresh Vegetables Lettuce, Romaine Hearts, Fresh, 3 Ct Bag",3.49,,"['000651003214', '003338365162', '027918205242', '030223041320', '030746000019', '03338365162', '033383651620', '033383904337', '060556900001', '071430009697', '071430009840', '071430009864', '072668601004', '073150184654', '073574002503', '400076653115', '652953651626', '716519080005', '765321651620', '858959004927', '860401000487', '893318002015', '898634001162']",FRESH LETTUCE & SALAD GREENS,Fresh Vegetables,Produce,,,,Cooler,1,EA,Bag,1,253,"[{'facet_name': 'Vegetables', 'facet_value': 'Leafy Greens', 'facet_term_id': 1078}]",,,[]
16,7324511820,16860,Bite-Sized Broccoli Florets,,"<p>Broccoli Florets, Bite-Size, Fresh Cut, 3 Lb Bag</p>","<p>Broccoli Florets, Bite-Size, Fresh Cut, 3 Lb Bag</p>",732451,0,https://gfsstore.com/products/732451/,https://gfsstore.com/products/732451/,,,"<p>Broccoli Florets, Bite-Size, Fresh Cut, 3 Lb Bag</p>","['7324511', '732451']",7324511|732451,182,Bite-Sized Broccoli Florets,Ready-Set-Serve,Ready-Set-Serve,ready-set-serve,"Broccoli Florets, Bite-Size, Fresh Cut, 3 Lb Bag","Bite-Sized Broccoli Florets Ready-Set-Serve Ready-to-Use Vegetables Broccoli Florets, Bite-Size, Fresh Cut, 3 Lb Bag",9.79,,"['092538000485', '400073245115', '611628915906']",VALUE-ADD BROCCOLI & CAULIFLOWER,Ready-to-Use Vegetables,Produce,,,,Cooler,48,OZ,Bag,7,246,"[{'facet_name': 'Vegetables', 'facet_value': 'Broccoli', 'facet_term_id': 1151}]",,"[{'term_id': 50, 'slug': 'markon-ready-set-serve', 'name': 'Markon Ready Set Serve', 'parent': 0, 'term_taxonomy_id': 50}]",
17,4988301820,48158,Idaho Russet Potatoes,,"<p>Potatoes, Idaho, Fresh, 5 Lb Bag</p>","<p>Potatoes, Idaho, Fresh, 5 Lb Bag</p>",498830,0,https://gfsstore.com/products/498830/,https://gfsstore.com/products/498830/,,,"<p>Potatoes, Idaho, Fresh, 5 Lb Bag</p>","['4988301', '498830']",4988301|498830,182,Idaho Russet Potatoes,,,,"Potatoes, Idaho, Fresh, 5 Lb Bag","Idaho Russet Potatoes  Fresh Vegetables Potatoes, Idaho, Fresh, 5 Lb Bag",3.99,,"['033383530109', '033383536101', '400049883013', '605806001284', '605806001390', '850027119014']",FRESH POTATOES,Fresh Vegetables,Produce,,,,Dry,80,OZ,Bag,2,246,"[{'facet_name': 'Vegetables', 'facet_value': 'Potatoes', 'facet_term_id': 1128}]",,,[]
18,6754231820,84624,Green Pepper,,"<p>Peppers, Green, Fresh</p>","<p>Peppers, Green, Fresh</p>",675423,0,https://gfsstore.com/products/675423/,https://gfsstore.com/products/675423/,,,"<p>Peppers, Green, Fresh</p>","['6754231', '675423']",6754231|675423,182,Green Pepper,,,,"<p>Peppers, Green, Fresh</p>","Green Pepper  Fresh Vegetables <p>Peppers, Green, Fresh</p>",0.79,,['400067542312'],FRESH PEPPERS,Fresh Vegetables,Produce,,,,Cooler,1,EA,Each,5,239,"[{'facet_name': 'Vegetables', 'facet_value': 'Peppers', 'facet_term_id': 1116}]",,,[]
19,7815921820,17564,Celery Sticks,,"<p>Celery Sticks, Fresh Cut, 3 Lb Bag</p>","<p>Celery Sticks, Fresh Cut, 3 Lb Bag</p>",781592,0,https://gfsstore.com/?post_type=product&#038;p=17564,https://gfsstore.com/?post_type=product&#038;p=17564,,,"<p>Celery Sticks, Fresh Cut, 3 Lb Bag</p>","['7815921', '781592']",7815921|781592,182,Celery Sticks,Ready-Set-Serve,Ready-Set-Serve,ready-set-serve,"Celery Sticks, Fresh Cut, 3 Lb Bag","Celery Sticks Ready-Set-Serve Ready-to-Use Vegetables Celery Sticks, Fresh Cut, 3 Lb Bag",8.99,,"['074000781597', '093901781598', '400078159219', '611628916743', '611628916828']",VALUE-ADD CELERY,Ready-to-Use Vegetables,Produce,,,,Cooler,79.5,EA,Bag,659,220,"[{'facet_name': 'Vegetables', 'facet_value': 'Celery', 'facet_term_id': 1018}]",,"[{'term_id': 50, 'slug': 'markon-ready-set-serve', 'name': 'Markon Ready Set Serve', 'parent': 0, 'term_taxonomy_id': 50}]",
20,7664711820,108651,Seedless Cucumbers,,"<p>Cucumbers, Seedless, Fresh</p>","<p>Cucumbers, Seedless, Fresh</p>",766471,0,https://gfsstore.com/products/766471/,https://gfsstore.com/products/766471/,,,"<p>Cucumbers, Seedless, Fresh</p>","['7664711', '766471']",7664711|766471,182,Seedless Cucumbers,,,,"Cucumbers, Seedless, Fresh","Seedless Cucumbers  Fresh Vegetables Cucumbers, Seedless, Fresh",1.49,,"['033383671000', '033383671017', '400076647114']",FRESH GOURDS,Fresh Vegetables,Produce,,,,Cooler,1,EA,Each,1,217,"[{'facet_name': 'Vegetables', 'facet_value': 'Cucumbers', 'facet_term_id': 1077}]",,,[]
21,7681461820,28575,Petite-Cut Carrots,,"<p>Carrots, Baby Whole Petite, Reclosable, Fresh, 5 Lb Bag</p>","<p>Carrots, Baby Whole Petite, Reclosable, Fresh, 5 Lb Bag</p>",768146,0,https://gfsstore.com/?post_type=product&#038;p=28575,https://gfsstore.com/?post_type=product&#038;p=28575,,,"<p>Carrots, Baby Whole Petite, Reclosable, Fresh, 5 Lb Bag</p>","['7681461', '768146']",7681461|768146,182,Petite-Cut Carrots,Ready-Set-Serve,Ready-Set-Serve,ready-set-serve,"Carrots, Baby Whole Petite, Reclosable, Fresh, 5 Lb Bag","Petite-Cut Carrots Ready-Set-Serve Ready-to-Use Vegetables Carrots, Baby Whole Petite, Reclosable, Fresh, 5 Lb Bag",8.99,,"['033383666082', '071464122492', '400076814615', '611628916446']",VALUE-ADD CARROTS,Ready-to-Use Vegetables,Produce,,,,Cooler,80,OZ,Bag,1,209,"[{'facet_name': 'Vegetables', 'facet_value': 'Carrots', 'facet_term_id': 1017}]",,,[]
22,7617641820,53533,Red Onion,,"<p>Onions, Red, Fresh, 2 Lb Bag</p>","<p>Onions, Red, Fresh, 2 Lb Bag</p>",761764,0,https://gfsstore.com/products/761764/,https://gfsstore.com/products/761764/,,,"<p>Onions, Red, Fresh, 2 Lb Bag</p>","['7617641', '761764']",7617641|761764,182,Red Onion,,,,"Onions, Red, Fresh, 2 Lb Bag","Red Onion  Fresh Vegetables Onions, Red, Fresh, 2 Lb Bag",2.99,,"['000383601030', '033383601014', '400076176416', '884853630245']",FRESH ONIONS,Fresh Vegetables,Produce,,,,Cooler,32,OZ,Bag,529,208,"[{'facet_name': 'Vegetables', 'facet_value': 'Onions', 'facet_term_id': 1107}]",,,[]
23,3442531820,44770,Green Seedless Grapes,,"<p>Grapes, Green, Seedless, Fresh, 18 Lb Bag</p>","<p>Grapes, Green, Seedless, Fresh, 18 Lb Bag</p>",344253,0,https://gfsstore.com/products/344253/,https://gfsstore.com/products/344253/,,,"<p>Grapes, Green, Seedless, Fresh, 18 Lb Bag</p>","['3442531', '344253']",3442531|344253,182,Green Seedless Grapes,Rucaray,Rucaray,rucaray,"<p>Grapes, Green, Seedless, Fresh</p>","Green Seedless Grapes Rucaray Fresh Fruit <p>Grapes, Green, Seedless, Fresh</p>",2.99,,"['014668790012', '052901040227', '083477044982', '400034425310', '7754638000422', '814563011171', '816426013872', '850017667143', '850859002560', '854203001049', '869225000222', '895359002917', '899734002370']",FRESH GRAPES,Fresh Fruit,Produce,,,,Cooler,32,OZ,Bag,652,201,"[{'facet_name': 'Fruits', 'facet_value': 'Grapes', 'facet_term_id': 1024}]",,,[]
24,7149421820,52595,Sweet Onion,,"<p>Onions, Sweet, Fresh, 40 Lb Each</p>","<p>Onions, Sweet, Fresh, 40 Lb Each</p>",714942,0,https://gfsstore.com/products/714942/,https://gfsstore.com/products/714942/,,,"<p>Onions, Sweet, Fresh, 40 Lb Each</p>","['7149421', '714942']",7149421|714942,182,Sweet Onion,Vidalias,Vidalias,vidalias,"<p>Onions, Sweet, Fresh, Approximately 1Lb each</p>","Sweet Onion Vidalias Fresh Vegetables <p>Onions, Sweet, Fresh, Approximately 1Lb each</p>",1.39,,['400071494218'],FRESH ONIONS,Fresh Vegetables,Produce,,,,Cooler,16,OZ,Each,7,178,"[{'facet_name': 'Vegetables', 'facet_value': 'Onions', 'facet_term_id': 1107}]",,,[]
25,6757801820,84689,Roma Tomatoes,,"<p>Tomatoes, Roma, Fresh, 25 Lb Package</p>","<p>Tomatoes, Roma, Fresh, 25 Lb Package</p>",675780,0,https://gfsstore.com/products/675780/,https://gfsstore.com/products/675780/,,,"<p>Tomatoes, Roma, Fresh, 25 Lb Package</p>","['6757801', '675780']",6757801|675780,182,Roma Tomatoes,,,,"<p>Tomatoes, Roma, Fresh</p>","Roma Tomatoes  Fresh Vegetables <p>Tomatoes, Roma, Fresh</p>",1.79,,['400067578014'],FRESH TOMATOES,Fresh Vegetables,Produce,,,,Cooler,.54,EA,Package,29,158,"[{'facet_name': 'Vegetables', 'facet_value': 'Tomatoes', 'facet_term_id': 1152}]",,,[]
26,6334411820,16651,Fresh Mashed Potatoes,,"<p>Potatoes, Mashed, Refrigerated, 5 Lb Bag</p>","<p>Potatoes, Mashed, Refrigerated, 5 Lb Bag</p>",633441,0,https://gfsstore.com/products/633441/,https://gfsstore.com/products/633441/,,,"<p>Potatoes, Mashed, Refrigerated, 5 Lb Bag</p>","['6334411', '633441']",6334411|633441,182,Fresh Mashed Potatoes,Gordon Choice,Gordon Choice,gordon choice,"Potatoes, Mashed, Refrigerated, 5 Lb Bag","Fresh Mashed Potatoes Gordon Choice Ready-to-Use Vegetables Potatoes, Mashed, Refrigerated, 5 Lb Bag",7.79,,"['093901633446', '400063344118']",VALUE-ADD POTATOES,Ready-to-Use Vegetables,Produce,,,,Cooler,80,OZ,Bag,11,149,[],,"[{'term_id': 343, 'slug': 'gordon-choice', 'name': 'Gordon Choice', 'parent': 0, 'term_taxonomy_id': 343}]",
27,7357871820,16868,Fresh-Cut Romaine Lettuce,,"<p>Lettuce, Romaine, Chopped, Fresh Cut, 2 Lb Bag</p>","<p>Lettuce, Romaine, Chopped, Fresh Cut, 2 Lb Bag</p>",735787,0,https://gfsstore.com/products/735787/,https://gfsstore.com/products/735787/,,,"<p>Lettuce, Romaine, Chopped, Fresh Cut, 2 Lb Bag</p>","['7357871', '735787']",7357871|735787,182,Fresh-Cut Romaine Lettuce,Ready-Set-Serve,Ready-Set-Serve,ready-set-serve,"Lettuce, Romaine, Chopped, Fresh Cut, 2 Lb Bag","Fresh-Cut Romaine Lettuce Ready-Set-Serve Ready-to-Use Vegetables Lettuce, Romaine, Chopped, Fresh Cut, 2 Lb Bag",4.49,,"['071279261003', '071279480022', '071430009512', '092538000553', '400073578718', '611628926452', '750641305209', '92538000553']",VALUE-ADD LETTUCE & SALAD GREENS,Ready-to-Use Vegetables,Produce,,,,Cooler,32,OZ,Bag,8,147,"[{'facet_name': 'Vegetables', 'facet_value': 'Leafy Greens', 'facet_term_id': 1078}]",,"[{'term_id': 50, 'slug': 'markon-ready-set-serve', 'name': 'Markon Ready Set Serve', 'parent': 0, 'term_taxonomy_id': 50}]",
28,4171901820,16301,Sliced Mushrooms,,"<p>Mushrooms, 1/4 Inch Sliced, Fresh Cut, 24 Oz Package</p>","<p>Mushrooms, 1/4 Inch Sliced, Fresh Cut, 24 Oz Package</p>",417190,0,https://gfsstore.com/products/417190/,https://gfsstore.com/products/417190/,,,"<p>Mushrooms, 1/4 Inch Sliced, Fresh Cut, 24 Oz Package</p>","['4171901', '417190']",4171901|417190,182,Sliced Mushrooms,,,,"Mushrooms, 1/4 Inch Sliced, Fresh Cut, 24 Oz Package","Sliced Mushrooms  Fresh Vegetables Mushrooms, 1/4 Inch Sliced, Fresh Cut, 24 Oz Package",5.99,,"['033383675992', '037102190209', '037102190247', '093901235237', '611628920870', '771163000106', '771163010525']",FRESH MUSHROOMS,Fresh Vegetables,Produce,,,,Cooler,24,OZ,Package,565,142,[],,,[]
29,2826911820,73099,Bagged Limes,,"<p>Limes, Persian, Fresh, Tart, 2 Lb Bag</p>","<p>Limes, Persian, Fresh, Tart, 2 Lb Bag</p>",282691,0,https://gfsstore.com/products/282691/,https://gfsstore.com/products/282691/,,,"<p>Limes, Persian, Fresh, Tart, 2 Lb Bag</p>","['2826911', '282691']",2826911|282691,182,Bagged Limes,Sunkist,Sunkist,sunkist,"Limes, Persian, Fresh, Tart, 2 Lb Bag","Bagged Limes Sunkist Fresh Fruit Limes, Persian, Fresh, Tart, 2 Lb Bag",3.99,,"['033383146836', '042808002213', '044258000078', '400028269111', '426060022132', '605049492085', '605049492092', '816631010550', '850003632827', '856724007500', '884853623100']",FRESH CITRUS,Fresh Fruit,Produce,,,,Cooler,32,OZ,Bag,373,142,"[{'facet_name': 'Fruits', 'facet_value': 'Limes', 'facet_term_id': 1026}]",,,[]
30,7324861820,18444,Bite-sized Cauliflower Florets,,"<p>Cauliflower, Bite-Size, Fresh Cut, 3 Lb Bag</p>","<p>Cauliflower, Bite-Size, Fresh Cut, 3 Lb Bag</p>",732486,0,https://gfsstore.com/?post_type=product&#038;p=18444,https://gfsstore.com/?post_type=product&#038;p=18444,,,"<p>Cauliflower, Bite-Size, Fresh Cut, 3 Lb Bag</p>","['7324861', '732486']",7324861|732486,182,Bite-sized Cauliflower Florets,Ready-Set-Serve,Ready-Set-Serve,ready-set-serve,"Cauliflower, Bite-Size, Fresh Cut, 3 Lb Bag","Bite-sized Cauliflower Florets Ready-Set-Serve Ready-to-Use Vegetables Cauliflower, Bite-Size, Fresh Cut, 3 Lb Bag",11.99,,"['400073248611', '611628916705']",VALUE-ADD BROCCOLI & CAULIFLOWER,Ready-to-Use Vegetables,Produce,,,,Cooler,48,OZ,Bag,4,135,"[{'facet_name': 'Vegetables', 'facet_value': 'Cauliflower', 'facet_term_id': 1149}]",,"[{'term_id': 50, 'slug': 'markon-ready-set-serve', 'name': 'Markon Ready Set Serve', 'parent': 0, 'term_taxonomy_id': 50}]",
31,6445621820,16675,Assorted Color Peppers,,"<p>Peppers, Assorted, Fresh, 6 Ct Bag</p>","<p>Peppers, Assorted, Fresh, 6 Ct Bag</p>",644562,0,https://gfsstore.com/products/644562/,https://gfsstore.com/products/644562/,,,"<p>Peppers, Assorted, Fresh, 6 Ct Bag</p>","['6445621', '644562']",6445621|644562,182,Assorted Color Peppers,,,,"Peppers, Assorted, Fresh, 6 Ct Bag","Assorted Color Peppers  Fresh Vegetables Peppers, Assorted, Fresh, 6 Ct Bag",11.49,,"['042808350154', '042808350178', '069905805066', '081851077830', '082692000025', '093901397706', '400064456216', '42808350154', '42808350178', '679508081394', '684924040054', '689259002289', '699058050664', '796553005523', '826920000025', '826920000254', '828383001069', '850251002113', '858545001583']",FRESH PEPPERS,Fresh Vegetables,Produce,,,,Cooler,6,EA,Bag,346,134,"[{'facet_name': 'Vegetables', 'facet_value': 'Peppers', 'facet_term_id': 1116}]",,,[]
32,8387801820,54620,Bagged Gala Apples,,"<p>Apples, Gala, Fresh, Bagged, 3 Lb Bag</p>","<p>Apples, Gala, Fresh, Bagged, 3 Lb Bag</p>",838780,0,https://gfsstore.com/products/838780/,https://gfsstore.com/products/838780/,,,"<p>Apples, Gala, Fresh, Bagged, 3 Lb Bag</p>","['8387801', '838780']",8387801|838780,182,Bagged Gala Apples,,,,"Apples, Gala, Fresh, Bagged, 3 Lb Bag","Bagged Gala Apples  Fresh Fruit Apples, Gala, Fresh, Bagged, 3 Lb Bag",4.29,,"['022906300091', '033383007410', '033383007441', '033383027814', '033383027845', '033383086897', '033383086941', '070253005343', '070253007002', '085239051078', '400083878013', '736264000011', '741839030034', '741839031031', '813635010142', '813635010906', '845762041430', '847081000303', '847473001819', '851210002922', '884853630078']",FRESH APPLES,Fresh Fruit,Produce,,,,Cooler,48,OZ,Bag,134,134,"[{'facet_name': 'Fruits', 'facet_value': 'Apples', 'facet_term_id': 1020}]",,,[]
33,1988891820,18455,Green Onions,,"<p>Onions, Green, Bunches, Fresh, 2 Lb Bag</p>","<p>Onions, Green, Bunches, Fresh, 2 Lb Bag</p>",198889,0,https://gfsstore.com/?post_type=product&#038;p=18455,https://gfsstore.com/?post_type=product&#038;p=18455,,,"<p>Onions, Green, Bunches, Fresh, 2 Lb Bag</p>","['1988891', '198889']",1988891|198889,182,Green Onions,Ready-Set-Serve,Ready-Set-Serve,ready-set-serve,"Onions, Green, Bunches, Fresh, 2 Lb Bag","Green Onions Ready-Set-Serve Fresh Vegetables Onions, Green, Bunches, Fresh, 2 Lb Bag",6.49,,"['012842767669', '052867011323', '092538000492', '400019888918', '611628950945', '611628950952', '611628950976', '611628950983', '848218000012', '92538000492']",FRESH ONIONS,Fresh Vegetables,Produce,,,,Cooler,85,EA,Bag,2,122,"[{'facet_name': 'Vegetables', 'facet_value': 'Onions', 'facet_term_id': 1107}]",,,[]
34,3294011820,16250,Leaf Spinach,,"<p>Spinach, Flat Leaf, Cleaned, Fresh Cut, 2.5 Lb Bag</p>","<p>Spinach, Flat Leaf, Cleaned, Fresh Cut, 2.5 Lb Bag</p>",329401,0,https://gfsstore.com/products/329401/,https://gfsstore.com/products/329401/,,,"<p>Spinach, Flat Leaf, Cleaned, Fresh Cut, 2.5 Lb Bag</p>","['3294011', '329401']",3294011|329401,182,Leaf Spinach,Ready-Set-Serve,Ready-Set-Serve,ready-set-serve,"Spinach, Flat Leaf, Cleaned, Fresh Cut, 2.5 Lb Bag","Leaf Spinach Ready-Set-Serve Ready-to-Use Vegetables Spinach, Flat Leaf, Cleaned, Fresh Cut, 2.5 Lb Bag",5.99,,"['012842001404', '030223060109', '071279133010', '093901329400', '400032940112', '611628926704']",VALUE-ADD LETTUCE & SALAD GREENS,Ready-to-Use Vegetables,Produce,,,,Cooler,40,OZ,Bag,403,119,"[{'facet_name': 'Vegetables', 'facet_value': 'Leafy Greens', 'facet_term_id': 1078}]",,"[{'term_id': 50, 'slug': 'markon-ready-set-serve', 'name': 'Markon Ready Set Serve', 'parent': 0, 'term_taxonomy_id': 50}]",
35,6757431820,84595,Large Tomatoes,,"<p>Tomatoes, Large, Fresh, 25 Lb Each</p>","<p>Tomatoes, Large, Fresh, 25 Lb Each</p>",675743,0,https://admin.gfsstore.com/?post_type=product&#038;p=84595,https://admin.gfsstore.com/?post_type=product&#038;p=84595,,,"<p>Tomatoes, Large, Fresh, 25 Lb Each</p>","['6757430', '675743']",6757430|675743,182,Large Tomatoes,,,,"<p>Tomatoes, Large, Fresh</p>","Large Tomatoes  Fresh Vegetables <p>Tomatoes, Large, Fresh</p>",27.00,,['400067574306'],FRESH TOMATOES,Fresh Vegetables,Produce,,,,Cooler,60,Case,EA,29,117,"[{'facet_name': 'Vegetables', 'facet_value': 'Tomatoes', 'facet_term_id': 1152}]",,,[]
36,6445401820,51169,Clementines,,"<p>Clementines, Fresh, 3 Lb Bag</p>","<p>Clementines, Fresh, 3 Lb Bag</p>",644540,0,https://gfsstore.com/products/644540/,https://gfsstore.com/products/644540/,,,"<p>Clementines, Fresh, 3 Lb Bag</p>","['6445401', '644540']",6445401|644540,182,Clementines,,,,"Clementines, Fresh, 3 Lb Bag","Clementines  Fresh Fruit Clementines, Fresh, 3 Lb Bag",5.99,,"['014668350018', '033383104096', '033383119342', '033383146058', '033383146164', '036515146162', '042808000141', '054107221011', '072240133817', '072240434983', '072240513985', '072240576201', '091636000021', '091636000076', '091636000762', '092148146160', '096704000880', '096704001603', '400064454014', '605049428671', '605049436676', '683953002583', '72240513985', '756110770028', '791928119126', '810073180109', '840437100009', '842586100121', '845857020036', '857169005021', '857169005144', '857169005878', '857713005385', '858410005135', '860000120609', '882648000822', '882648001331', '884853621793']",FRESH CITRUS,Fresh Fruit,Produce,,,,Cooler,48,OZ,Bag,697,114,"[{'facet_name': 'Fruits', 'facet_value': 'Clementines', 'facet_term_id': 1029}]",,,[]
37,7567911820,53432,Celery,,"<p>Celery, Fresh, 30 Ct Package</p>","<p>Celery, Fresh, 30 Ct Package</p>",756791,0,https://gfsstore.com/products/756791/,https://gfsstore.com/products/756791/,,,"<p>Celery, Fresh, 30 Ct Package</p>","['7567911', '756791']",7567911|756791,182,Celery,,,,"<p>Celery, Fresh</p>","Celery  Fresh Vegetables <p>Celery, Fresh</p>",2.29,,"['000651511009', '000651511016', '027918040706', '027918045831', '033383653211', '033383653228', '033383653259', '042808112851', '060556120706', '071430045480', '071430047002', '071430049792', '072668711116', '073150121550', '073574800024', '400075679116', '400091033718', '653981889661', '740695653258', '796631101017', '831331005255']",FRESH STALK VEGETABLES,Fresh Vegetables,Produce,,,,Cooler,.03,EA,Package,626,112,"[{'facet_name': 'Vegetables', 'facet_value': 'Celery', 'facet_term_id': 1018}]",,,[]
38,7572421820,16992,Red Potatoes,,"<p>Potatoes, Red, Size B, Fresh, 5 Lb Bag</p>","<p>Potatoes, Red, Size B, Fresh, 5 Lb Bag</p>",757242,0,https://gfsstore.com/products/757242/,https://gfsstore.com/products/757242/,,,"<p>Potatoes, Red, Size B, Fresh, 5 Lb Bag</p>","['7572421', '757242']",7572421|757242,182,Red Potatoes,,,,"Potatoes, Red, Size B, Fresh, 5 Lb Bag","Red Potatoes  Fresh Vegetables Potatoes, Red, Size B, Fresh, 5 Lb Bag",4.79,,"['030921080256', '030921083158', '033383510033', '033383510101', '033383510132', '039186510102', '071228178000', '400075724212', '605806001420', '677176000075', '826088422059', '826088510107', '851820002008']",FRESH POTATOES,Fresh Vegetables,Produce,,,,Dry,80,OZ,Bag,524,112,"[{'facet_name': 'Vegetables', 'facet_value': 'Potatoes', 'facet_term_id': 1128}]",,,[]
39,2117821820,18663,Hearts of Romaine,,"<p>Lettuce, Romaine Hearts, 6 Ct Bag</p>","<p>Lettuce, Romaine Hearts, 6 Ct Bag</p>",211782,0,https://gfsstore.com/?post_type=product&#038;p=18663,https://gfsstore.com/?post_type=product&#038;p=18663,,,"<p>Lettuce, Romaine Hearts, 6 Ct Bag</p>","['2117821', '211782']",2117821|211782,182,Hearts of Romaine,Markon First Crop,Markon First Crop,markon first crop,"Lettuce, Romaine Hearts, 6 Ct Bag","Hearts of Romaine Markon First Crop Ready-to-Use Vegetables Lettuce, Romaine Hearts, 6 Ct Bag",6.49,,"['033383651651', '060556900407', '071430847275', '400021178212', '611628925752', '738761500056', '740695651650', '765321000008', '885460000155', '898634001179']",VALUE-ADD LETTUCE & SALAD GREENS,Ready-to-Use Vegetables,Produce,,,,Cooler,6,EA,Bag,283,106,"[{'facet_name': 'Vegetables', 'facet_value': 'Leafy Greens', 'facet_term_id': 1078}]",,"[{'term_id': 49, 'slug': 'markon', 'name': 'Markon', 'parent': 0, 'term_taxonomy_id': 49}]",
40,2195501820,41584,Cilantro,,"<p>Cilantro, Fresh Cut, 1 Lb Bag</p>","<p>Cilantro, Fresh Cut, 1 Lb Bag</p>",219550,0,https://gfsstore.com/products/219550/,https://gfsstore.com/products/219550/,,,"<p>Cilantro, Fresh Cut, 1 Lb Bag</p>","['2195501', '219550']",2195501|219550,182,Cilantro,Ready-Set-Serve,Ready-Set-Serve,ready-set-serve,"Cilantro, Fresh Cut, 1 Lb Bag","Cilantro Ready-Set-Serve Fresh Herbs Cilantro, Fresh Cut, 1 Lb Bag",5.49,,"['012842990005', '030223014560', '12842990005', '400021955011', '611628917405']",FRESH HERBS,Fresh Herbs,Produce,,,,Cooler,16,OZ,Bag,189,93,"[{'facet_name': 'Herbs', 'facet_value': 'Cilantro', 'facet_term_id': 1068}]",,,[]
41,6005041820,50369,Iceberg & Romaine Lettuce Blend,,"<p>Salad Blend, Iceberg &#038; Romaine, 50/50, Fresh Cut, 5 Lb Bag</p>","<p>Salad Blend, Iceberg & Romaine, 50/50, Fresh Cut, 5 Lb Bag</p>",600504,0,https://gfsstore.com/products/600504/,https://gfsstore.com/products/600504/,,,"<p>Salad Blend, Iceberg & Romaine, 50/50, Fresh Cut, 5 Lb Bag</p>","['6005041', '600504']",6005041|600504,182,Iceberg & Romaine Lettuce Blend,Ready-Set-Serve,Ready-Set-Serve,ready-set-serve,"Salad Blend, Iceberg & Romaine, 50/50, Fresh Cut, 5 Lb Bag","Iceberg & Romaine Lettuce Blend Ready-Set-Serve Ready-to-Use Vegetables Salad Blend, Iceberg & Romaine, 50/50, Fresh Cut, 5 Lb Bag",8.99,,"['093901600509', '400060050418', '611628926483']",VALUE-ADD LETTUCE & SALAD GREENS,Ready-to-Use Vegetables,Produce,,,,Cooler,80,OZ,Bag,9,93,"[{'facet_name': 'Vegetables', 'facet_value': 'Leafy Greens', 'facet_term_id': 1078}]",,,[]
42,1522221820,15812,Heritage Lettuce Blend,,"<p>Spring Mix, Heritage, Fresh Cut, 3 Lb Bag</p>","<p>Spring Mix, Heritage, Fresh Cut, 3 Lb Bag</p>",152222,0,https://gfsstore.com/products/152222/,https://gfsstore.com/products/152222/,,,"<p>Spring Mix, Heritage, Fresh Cut, 3 Lb Bag</p>","['1522221', '152222']",1522221|152222,182,Heritage Lettuce Blend,Ready-Set-Serve,Ready-Set-Serve,ready-set-serve,"Spring Mix, Heritage, Fresh Cut, 3 Lb Bag","Heritage Lettuce Blend Ready-Set-Serve Ready-to-Use Vegetables Spring Mix, Heritage, Fresh Cut, 3 Lb Bag",8.99,,"['400015222211', '611628918242']",VALUE-ADD LETTUCE & SALAD GREENS,Ready-to-Use Vegetables,Produce,,,,Cooler,48,OZ,Bag,4,90,"[{'facet_name': 'Vegetables', 'facet_value': 'Leafy Greens', 'facet_term_id': 1078}]",,"[{'term_id': 50, 'slug': 'markon-ready-set-serve', 'name': 'Markon Ready Set Serve', 'parent': 0, 'term_taxonomy_id': 50}]",
43,1988541820,18693,Radishes,,"<p>Radishes, Fresh, 1 Lb Bag</p>","<p>Radishes, Fresh, 1 Lb Bag</p>",198854,0,https://gfsstore.com/?post_type=product&#038;p=18693,https://gfsstore.com/?post_type=product&#038;p=18693,,,"<p>Radishes, Fresh, 1 Lb Bag</p>","['1988541', '198854']",1988541|198854,182,Radishes,,,,"Radishes, Fresh, 1 Lb Bag","Radishes  Fresh Vegetables Radishes, Fresh, 1 Lb Bag",2.79,,"['032958801200', '033383670027', '072404400021', '073064000255', '073150003016', '073150103013', '073659121600', '074515010137', '077512001146', '077512001160', '079533600018', '085146141008', '400019885412']",FRESH ROOT VEGETABLES,Fresh Vegetables,Produce,,,,Cooler,30,EA,Bag,260,83,"[{'facet_name': 'Vegetables', 'facet_value': 'Radishes', 'facet_term_id': 1093}]",,,[]
44,1847101820,15912,Celery Hearts,,"<p>Celery Hearts, Fresh, 2 Ct Bag</p>","<p>Celery Hearts, Fresh, 2 Ct Bag</p>",184710,0,https://gfsstore.com/products/184710/,https://gfsstore.com/products/184710/,,,"<p>Celery Hearts, Fresh, 2 Ct Bag</p>","['1847101', '184710']",1847101|184710,182,Celery Hearts,,,,"Celery Hearts, Fresh, 2 Ct Bag","Celery Hearts  Fresh Vegetables Celery Hearts, Fresh, 2 Ct Bag",5.49,,"['000651511030', '027918045756', '033383651026', '033383653006', '033383653013', '060556121109', '071430012505', '071430900055', '073150122168', '073574500504', '27918045756', '605806000324', '651511030', '73150122168', '831331005507']",FRESH STALK VEGETABLES,Fresh Vegetables,Produce,,,,Cooler,1,EA,Bag,473,82,"[{'facet_name': 'Vegetables', 'facet_value': 'Celery', 'facet_term_id': 1018}]",,,[]
45,4731501820,28314,Tomatoes on the Vine,,"<p>Tomatoes, Cluster, Fresh, 11 Lb Each</p>","<p>Tomatoes, Cluster, Fresh, 11 Lb Each</p>",473150,0,https://gfsstore.com/?post_type=product&#038;p=28314,https://gfsstore.com/?post_type=product&#038;p=28314,,,"<p>Tomatoes, Cluster, Fresh, 11 Lb Each</p>","['4731501', '473150']",4731501|473150,182,Tomatoes on the Vine,,,,"<p>Tomatoes, Cluster, Fresh, Approximately 0.4lb each</p>","Tomatoes on the Vine  Fresh Vegetables <p>Tomatoes, Cluster, Fresh, Approximately 0.4lb each</p>",1.99,,['400047315011'],FRESH TOMATOES,Fresh Vegetables,Produce,,,,Cooler,16,OZ,Each,1,81,"[{'facet_name': 'Vegetables', 'facet_value': 'Tomatoes', 'facet_term_id': 1152}]",,,[]
46,1984981820,18940,Carrots,,"<p>Carrots, Fresh, 3 Lb Bag</p>","<p>Carrots, Fresh, 3 Lb Bag</p>",198498,0,https://gfsstore.com/?post_type=product&#038;p=18940,https://gfsstore.com/?post_type=product&#038;p=18940,,,"<p>Carrots, Fresh, 3 Lb Bag</p>","['1984981', '198498']",1984981|198498,182,Carrots,,,,"Carrots, Fresh, 3 Lb Bag","Carrots  Fresh Vegetables Carrots, Fresh, 3 Lb Bag",3.59,,"['033383660028', '033383662022', '033383664026', '071430035153', '071464100315', '071464101312', '083253010309', '333836600282', '400019849810', '605806124105', '605806124112', '605806124129', '852442002025']",FRESH CARROTS,Fresh Vegetables,Produce,,,,Cooler,24,EA,Bag,398,80,"[{'facet_name': 'Vegetables', 'facet_value': 'Carrots', 'facet_term_id': 1017}]",,,[]
47,3615011820,31431,Green Peppers,,"<p>Peppers, Green, Large, Fresh, 5 Lb Bag</p>","<p>Peppers, Green, Large, Fresh, 5 Lb Bag</p>",361501,0,https://gfsstore.com/?post_type=product&#038;p=31431,https://gfsstore.com/?post_type=product&#038;p=31431,,,"<p>Peppers, Green, Large, Fresh, 5 Lb Bag</p>","['3615011', '361501']",3615011|361501,182,Green Peppers,Markon First Crop,Markon First Crop,markon first crop,"Peppers, Green, Large, Fresh, 5 Lb Bag","Green Peppers Markon First Crop Fresh Vegetables Peppers, Green, Large, Fresh, 5 Lb Bag",9.49,,"['033383701271', '042808350123', '081851077854', '093901615015', '400036150111', '42808350123', '796553005462']",FRESH PEPPERS,Fresh Vegetables,Produce,,,,Cooler,80,OZ,Bag,204,71,"[{'facet_name': 'Vegetables', 'facet_value': 'Peppers', 'facet_term_id': 1116}]",,,[]
48,4731811820,47645,Sweet Potatoes,,"<p>Yams, Fresh, 40 Lb Each</p>","<p>Yams, Fresh, 40 Lb Each</p>",473181,0,https://gfsstore.com/products/473181/,https://gfsstore.com/products/473181/,,,"<p>Yams, Fresh, 40 Lb Each</p>","['4731811', '473181']",4731811|473181,182,Sweet Potatoes,,,,"<p>Sweet Potatoes, Fresh</p>","Sweet Potatoes  Fresh Vegetables <p>Sweet Potatoes, Fresh</p>",1.19,,['400047318111'],FRESH POTATOES,Fresh Vegetables,Produce,,,,Dry,16.84,OZ,Each,58,69,"[{'facet_name': 'Vegetables', 'facet_value': 'Potatoes', 'facet_term_id': 1128}]",,,[]
49,7645321820,17011,Large Hass Avocados,,"<p>Avocados, Fresh, 1 Ct Each</p>","<p>Avocados, Fresh, 1 Ct Each</p>",764532,0,https://gfsstore.com/products/764532/,https://gfsstore.com/products/764532/,,,"<p>Avocados, Fresh, 1 Ct Each</p>","['7645321', '764532']",7645321|764532,182,Large Hass Avocados,,,,"<p>Avocados, Fresh, 1 Ct Each</p>","Large Hass Avocados  Fresh Fruit <p>Avocados, Fresh, 1 Ct Each</p>",2.49,,['400076453210'],FRESH TREE FRUIT,Fresh Fruit,Produce,,,,Cooler,1,EA,Each,1,67,"[{'facet_name': 'Fruits', 'facet_value': 'Avocado', 'facet_term_id': 1032}]",,,[]
50,2754521820,43310,Zucchini Squash,,"<p>Squash, Zucchini, Fresh, 22 Lb Each</p>","<p>Squash, Zucchini, Fresh, 22 Lb Each</p>",275452,0,https://gfsstore.com/products/275452/,https://gfsstore.com/products/275452/,,,"<p>Squash, Zucchini, Fresh, 22 Lb Each</p>","['2754521', '275452']",2754521|275452,182,Zucchini Squash,,,,"<p>Squash, Zucchini, Fresh, Approximately 0.6lbs each</p>","Zucchini Squash  Fresh Vegetables <p>Squash, Zucchini, Fresh, Approximately 0.6lbs each</p>",1.49,,['400027545216'],FRESH GOURDS,Fresh Vegetables,Produce,,,,Cooler,16,OZ,Each,242,66,"[{'facet_name': 'Vegetables', 'facet_value': 'Squash', 'facet_term_id': 1075}]",,,[]
51,7566811820,18710,Blackberries,,"<p>Blackberries, Fresh, 6 Oz Package</p>","<p>Blackberries, Fresh, 6 Oz Package</p>",756681,0,https://gfsstore.com/?post_type=product&#038;p=18710,https://gfsstore.com/?post_type=product&#038;p=18710,,,"<p>Blackberries, Fresh, 6 Oz Package</p>","['7566811', '756681']",7566811|756681,182,Blackberries,Driscoll,Driscoll,driscoll,"Blackberries, Fresh, 6 Oz Package","Blackberries Driscoll Fresh Fruit Blackberries, Fresh, 6 Oz Package",4.99,,"['033383211053', '033383240268', '066022002699', '071430011089', '071430011638', '333832002684', '400075668110', '606110964791', '632045206002', '665290003034', '715756100200', '715756100224', '715756100422', '715756502011', '736372196132', '7500464592903', '7503018074016', '7503019519035', '7503019776001', '7503019776094', '7503024287196', '7506166300006', '7506166311606', '761635202404', '782150027648', '812049007304', '812049007311', '812092030014', '813635011248', '815887010222', '850003027005', '850019194104', '850582002288', '853447003543', '8571780000884', '857620003078', '857620003108', '860002107301', '862803000218', '881006001099', '891700002087']",FRESH BERRIES,Fresh Fruit,Produce,,,,Cooler,6,OZ,Package,357,64,"[{'facet_name': 'Fruits', 'facet_value': 'Blackberries', 'facet_term_id': 1036}]",,,[]
52,4171801820,16300,Whole Mushrooms,,"<p>Mushrooms, Fresh, 24 Oz Package</p>","<p>Mushrooms, Fresh, 24 Oz Package</p>",417180,0,https://gfsstore.com/products/417180/,https://gfsstore.com/products/417180/,,,"<p>Mushrooms, Fresh, 24 Oz Package</p>","['4171801', '417180']",4171801|417180,182,Whole Mushrooms,Markon First Crop,Markon First Crop,markon first crop,"Mushrooms, Fresh, 24 Oz Package","Whole Mushrooms Markon First Crop Fresh Vegetables Mushrooms, Fresh, 24 Oz Package",5.99,,"['033383675046', '037102675034', '037102675041', '037102675201', '093901235244', '611628920795', '771163000069']",FRESH MUSHROOMS,Fresh Vegetables,Produce,,,,Cooler,24,OZ,Package,310,63,"[{'facet_name': 'Vegetables', 'facet_value': 'Mushrooms', 'facet_term_id': 1094}]",,"[{'term_id': 49, 'slug': 'markon', 'name': 'Markon', 'parent': 0, 'term_taxonomy_id': 49}]",
53,2747531820,43282,Garlic,,"<p>Garlic, Fresh, 5 Ct Package</p>","<p>Garlic, Fresh, 5 Ct Package</p>",274753,0,https://gfsstore.com/products/274753/,https://gfsstore.com/products/274753/,,,"<p>Garlic, Fresh, 5 Ct Package</p>","['2747531', '274753']",2747531|274753,182,Garlic,,,,"Garlic, Fresh, 5 Ct Package","Garlic  Fresh Vegetables Garlic, Fresh, 5 Ct Package",1.59,,"['068044407056', '070873010451', '074574853027', '081355902096', '400027475315', '646127483571', '664339516436', '680444070557', '680444070564', '680444101251', '680444201524', '680444202514', '680444202521', '796631071525', '827468000348']",FRESH ROOT VEGETABLES,Fresh Vegetables,Produce,,,,Cooler,5,EA,Package,241,62,"[{'facet_name': 'Vegetables', 'facet_value': 'Garlic', 'facet_term_id': 1099}]",,,[]
54,7257011820,52848,Cauliflower,,"<p>Cauliflower, Fresh</p>","<p>Cauliflower, Fresh</p>",725701,0,https://gfsstore.com/products/725701/,https://gfsstore.com/products/725701/,,,"<p>Cauliflower, Fresh</p>","['7257011', '725701']",7257011|725701,182,Cauliflower,,,,"Cauliflower, Fresh, 12 Per Case","Cauliflower  Fresh Vegetables Cauliflower, Fresh, 12 Per Case",2.99,,"['000651111117', '033383699998', '060556401607', '071430841150', '073150129419', '400072570119', '605806000300', '611628916651', '738761200017', '740695699997', '765321699998', '885443699994']",FRESH STALK VEGETABLES,Fresh Vegetables,Produce,,,,Cooler,1,EA,Each,146,60,"[{'facet_name': 'Vegetables', 'facet_value': 'Cauliflower', 'facet_term_id': 1149}]",,,[]
55,1885831820,139726,Red Peppers,,"<p>Peppers, Red, 11 Lb Each</p>","<p>Peppers, Red, 11 Lb Each</p>",188583,0,https://gfsstore.com/products/188583/,https://gfsstore.com/products/188583/,,,"<p>Peppers, Red, 11 Lb Each</p>","['1885831', '188583']",1885831|188583,182,Red Peppers,,,,"Peppers, Red, 11 Lb Each","Red Peppers  Fresh Vegetables Peppers, Red, 11 Lb Each",1.69,,"['400018858318', '603224255005']",FRESH PEPPERS,Fresh Vegetables,Produce,,,,Cooler,8,OZ,Each,253,59,[],,,[]
56,6710041820,51663,Jumbo Honeydew,,"<p>Honeydew, Jumbo, 5 Ct Package</p>","<p>Honeydew, Jumbo, 5 Ct Package</p>",671004,0,https://gfsstore.com/products/671004/,https://gfsstore.com/products/671004/,,,"<p>Honeydew, Jumbo, 5 Ct Package</p>","['6710041', '671004']",6710041|671004,182,Jumbo Honeydew,,,,"<p>Honeydew, Jumbo, Fresh</p>","Jumbo Honeydew  Fresh Fruit <p>Honeydew, Jumbo, Fresh</p>",5.99,,"['400067100413', '786066001259', '850012002000']",FRESH MELONS,Fresh Fruit,Produce,,,,Cooler,.2,EA,Package,148,58,"[{'facet_name': 'Fruits', 'facet_value': 'Melons', 'facet_term_id': 1040}]",,,[]
57,5382231820,27926,Peaches,,"<p>Peaches, Fresh, 25 Lb Box</p>","<p>Peaches, Fresh, 25 Lb Box</p>",538223,0,https://gfsstore.com/?post_type=product&#038;p=27926,https://gfsstore.com/?post_type=product&#038;p=27926,,,"<p>Peaches, Fresh, 25 Lb Box</p>","['5382231', '538223']",5382231|538223,182,Peaches,,,,"<p>Peaches, Fresh</p>","Peaches  Fresh Fruit <p>Peaches, Fresh</p>",2.49,,['400053822312'],FRESH TREE FRUIT,Fresh Fruit,Produce,,,,Cooler,6.15,OZ,Box,62,57,"[{'facet_name': 'Fruits', 'facet_value': 'Peaches', 'facet_term_id': 1054}]",,,[]
58,7253411820,52833,Jumbo Pineapple,,"<p>Pineapples, Fresh, 5 Ct Package</p>","<p>Pineapples, Fresh, 5 Ct Package</p>",725341,0,https://gfsstore.com/products/725341/,https://gfsstore.com/products/725341/,,,"<p>Pineapples, Fresh, 5 Ct Package</p>","['7253411', '725341']",7253411|725341,182,Jumbo Pineapple,,,,"<p>Pineapples, Fresh</p>","Jumbo Pineapple  Fresh Fruit <p>Pineapples, Fresh</p>",8.99,,"['400072534111', '5050372115005', '5397005022010', '5397005027749', '6431260720034', '643126072058', '7441019900029', '7441019900036']",FRESH MISCELLANEOUS FRUITS,Fresh Fruit,Produce,,,,Cooler,1,EA,Package,1,55,"[{'facet_name': 'Fruits', 'facet_value': 'Pineapple', 'facet_term_id': 1042}]",,,[]
59,4024811820,16274,Spring Mix,,"<p>Spring Mix, Conventional, Fresh Cut, 1 Lb Bag</p>","<p>Spring Mix, Conventional, Fresh Cut, 1 Lb Bag</p>",402481,0,https://gfsstore.com/products/402481/,https://gfsstore.com/products/402481/,,,"<p>Spring Mix, Conventional, Fresh Cut, 1 Lb Bag</p>","['4024811', '402481']",4024811|402481,182,Spring Mix,Ready-Set-Serve,Ready-Set-Serve,ready-set-serve,"Spring Mix, Conventional, Fresh Cut, 1 Lb Bag","Spring Mix Ready-Set-Serve Ready-to-Use Vegetables Spring Mix, Conventional, Fresh Cut, 1 Lb Bag",4.79,,"['032601901400', '092538000423', '611628922362', '611628922379', '823734123506']",VALUE-ADD LETTUCE & SALAD GREENS,Ready-to-Use Vegetables,Produce,,,,Cooler,16,OZ,Bag,231,52,"[{'facet_name': 'Vegetables', 'facet_value': 'Leafy Greens', 'facet_term_id': 1078}]",,"[{'term_id': 49, 'slug': 'markon', 'name': 'Markon', 'parent': 0, 'term_taxonomy_id': 49}]",
60,4868601820,47842,Limes,,"<p>Limes, 48 Count, Fresh</p>","<p>Limes, 48 Count, Fresh</p>",486860,0,https://gfsstore.com/products/486860/,https://gfsstore.com/products/486860/,,,"<p>Limes, 48 Count, Fresh</p>","['4868601', '486860']",4868601|486860,182,Limes,,,,"<p>Limes, Fresh, 1 Ct Each</p>","Limes  Fresh Fruit <p>Limes, Fresh, 1 Ct Each</p>",0.59,,['400048686011'],FRESH CITRUS,Fresh Fruit,Produce,,,,Cooler,1,EA,Each,3,43,"[{'facet_name': 'Fruits', 'facet_value': 'Limes', 'facet_term_id': 1026}]",,,[]
61,8737581820,130880,Fresh Basil,,"<p>Basil, Fresh, 2 Oz Package</p>","<p>Basil, Fresh, 2 Oz Package</p>",873758,0,https://gfsstore.com/products/873758/,https://gfsstore.com/products/873758/,,,"<p>Basil, Fresh, 2 Oz Package</p>","['8737581', '873758']",8737581|873758,182,Fresh Basil,Square Roots,Square Roots,square roots,"Basil, Fresh, 2 Oz Package","Fresh Basil Square Roots Fresh Herbs Basil, Fresh, 2 Oz Package",5.79,,"['400087375815', '850009263162']",FRESH HERBS,Fresh Herbs,Produce,,,,Cooler,2,OZ,Package,37,37,"[{'facet_name': 'Herbs', 'facet_value': 'Basil', 'facet_term_id': 1061}]",,,[]
62,2931481820,16220,Finely Diced Cabbage with Carrots,,"<p>Cole Slaw Blend, Diced, with Green Cabbage &#038; Carrots, Fresh Cut, 5 Lb Bag</p>","<p>Cole Slaw Blend, Diced, with Green Cabbage & Carrots, Fresh Cut, 5 Lb Bag</p>",293148,0,https://gfsstore.com/products/293148/,https://gfsstore.com/products/293148/,,,"<p>Cole Slaw Blend, Diced, with Green Cabbage & Carrots, Fresh Cut, 5 Lb Bag</p>","['2931481', '293148']",2931481|293148,182,Finely Diced Cabbage with Carrots,Ready-Set-Serve,Ready-Set-Serve,ready-set-serve,"Cole Slaw Blend, Diced, with Green Cabbage & Carrots, Fresh Cut, 5 Lb Bag","Finely Diced Cabbage with Carrots Ready-Set-Serve Ready-to-Use Vegetables Cole Slaw Blend, Diced, with Green Cabbage & Carrots, Fresh Cut, 5 Lb Bag",6.99,,"['093901293145', '400029314810', '611628917474']",VALUE-ADD CABBAGE,Ready-to-Use Vegetables,Produce,,,,Cooler,80,OZ,Bag,17,37,"[{'facet_name': 'Vegetables', 'facet_value': 'Cabbage', 'facet_term_id': 1015}]",,"[{'term_id': 50, 'slug': 'markon-ready-set-serve', 'name': 'Markon Ready Set Serve', 'parent': 0, 'term_taxonomy_id': 50}]",
63,7149511820,52597,Lemon,,"<p>Lemons, Fresh</p>","<p>Lemons, Fresh</p>",714951,0,https://gfsstore.com/products/714951/,https://gfsstore.com/products/714951/,,,"<p>Lemons, Fresh</p>","['7149511', '714951']",7149511|714951,182,Lemon,,,,"Lemons, Fresh","Lemon  Fresh Fruit Lemons, Fresh",0.49,,['400071495116'],FRESH CITRUS,Fresh Fruit,Produce,,,,Cooler,1,EA,Each,2,35,"[{'facet_name': 'Fruits', 'facet_value': 'Lemons', 'facet_term_id': 1025}]",,,[]
64,1885821820,139704,Jumbo White Onions,,"<p>Onions, White, Jumbo, 50 Lb Each</p>","<p>Onions, White, Jumbo, 50 Lb Each</p>",188582,0,https://gfsstore.com/products/188582/,https://gfsstore.com/products/188582/,,,"<p>Onions, White, Jumbo, 50 Lb Each</p>","['1885821', '188582']",1885821|188582,182,Jumbo White Onions,,,,"Onions, White, Jumbo, 50 Lb Each","Jumbo White Onions  Fresh Vegetables Onions, White, Jumbo, 50 Lb Each",0.99,,['400018858219'],FRESH ONIONS,Fresh Vegetables,Produce,,,,Cooler,20,OZ,Each,1,33,[],,,[]
65,6756431820,84958,Jumbo Spanish Onions,,"<p>Onions, Spanish, Jumbo, Fresh, 50 Lb Package</p>","<p>Onions, Spanish, Jumbo, Fresh, 50 Lb Package</p>",675643,0,https://gfsstore.com/products/675643/,https://gfsstore.com/products/675643/,,,"<p>Onions, Spanish, Jumbo, Fresh, 50 Lb Package</p>","['6756431', '6756430', '675643']",6756431|6756430|675643,182,Jumbo Spanish Onions,,,,"<p>Onions, Spanish, Jumbo, Fresh</p>","Jumbo Spanish Onions  Fresh Vegetables <p>Onions, Spanish, Jumbo, Fresh</p>",0.89,,['400067564314'],FRESH ONIONS,Fresh Vegetables,Produce,,,,Cooler,16,OZ,Package,2,32,"[{'facet_name': 'Vegetables', 'facet_value': 'Onions', 'facet_term_id': 1107}]",,,[]
66,6757661820,85158,Idaho Baker Potatoes,,"<p>Potatoes, Baker, Idaho, 50 Lb Box</p>","<p>Potatoes, Baker, Idaho, 50 Lb Box</p>",675766,0,https://gfsstore.com/products/675766/,https://gfsstore.com/products/675766/,,,"<p>Potatoes, Baker, Idaho, 50 Lb Box</p>","['6757660', '675766']",6757660|675766,182,Idaho Baker Potatoes,,,,"Potatoes, Baker, Idaho, 50 Lb Box","Idaho Baker Potatoes  Fresh Vegetables Potatoes, Baker, Idaho, 50 Lb Box",38.50,,['400067576607'],FRESH POTATOES,Fresh Vegetables,Produce,,,,Cooler,800,Case,OZ,37,31,"[{'facet_name': 'Vegetables', 'facet_value': 'Potatoes', 'facet_term_id': 1128}]",,,[]
67,5605451820,18702,Baby Spinach,,"<p>Spinach, Baby, Cleaned, Fresh Cut, 2 Lb Bag</p>","<p>Spinach, Baby, Cleaned, Fresh Cut, 2 Lb Bag</p>",560545,0,https://gfsstore.com/?post_type=product&#038;p=18702,https://gfsstore.com/?post_type=product&#038;p=18702,,,"<p>Spinach, Baby, Cleaned, Fresh Cut, 2 Lb Bag</p>","['5605451', '560545']",5605451|560545,182,Baby Spinach,Ready-Set-Serve,Ready-Set-Serve,ready-set-serve,"Spinach, Baby, Cleaned, Fresh Cut, 2 Lb Bag","Baby Spinach Ready-Set-Serve Ready-to-Use Vegetables Spinach, Baby, Cleaned, Fresh Cut, 2 Lb Bag",7.99,,"['400056054512', '611628922133']",VALUE-ADD LETTUCE & SALAD GREENS,Ready-to-Use Vegetables,Produce,,,,Cooler,32,OZ,Bag,2,31,"[{'facet_name': 'Vegetables', 'facet_value': 'Leafy Greens', 'facet_term_id': 1078}]",,"[{'term_id': 50, 'slug': 'markon-ready-set-serve', 'name': 'Markon Ready Set Serve', 'parent': 0, 'term_taxonomy_id': 50}]",
68,2723961820,43172,Parsley,,"<p>Parsley, Fresh Cut, 1 Lb Bag</p>","<p>Parsley, Fresh Cut, 1 Lb Bag</p>",272396,0,https://gfsstore.com/products/272396/,https://gfsstore.com/products/272396/,,,"<p>Parsley, Fresh Cut, 1 Lb Bag</p>","['2723961', '272396']",2723961|272396,182,Parsley,Ready-Set-Serve,Ready-Set-Serve,ready-set-serve,"Parsley, Fresh Cut, 1 Lb Bag","Parsley Ready-Set-Serve Fresh Herbs Parsley, Fresh Cut, 1 Lb Bag",5.99,,"['093901272393', '400027239610', '611628922706']",FRESH HERBS,Fresh Herbs,Produce,,,,Cooler,1,EA,Bag,60,22,"[{'facet_name': 'Herbs', 'facet_value': 'Parsley', 'facet_term_id': 1069}]",,,[]
69,8868971820,131111,Grape Tomatoes,,"<p>Tomatoes, Grape, Fresh, 10.5 Oz Package</p>","<p>Tomatoes, Grape, Fresh, 10.5 Oz Package</p>",886897,0,https://gfsstore.com/products/886897/,https://gfsstore.com/products/886897/,,,"<p>Tomatoes, Grape, Fresh, 10.5 Oz Package</p>","['8868971', '886897']",8868971|886897,182,Grape Tomatoes,,,,"Tomatoes, Grape, Fresh, 10.5 Oz Package","Grape Tomatoes  Fresh Vegetables Tomatoes, Grape, Fresh, 10.5 Oz Package",3.29,,"['00040232193231', '033383655857', '040232193231', '042808001810', '400088689713', '614143291241', '751666881051', '751666888036', '788070601814', '793573206268', '816426011199', '818179001007', '851781005650', '855465002225', '856122001865', '898859002104']",FRESH TOMATOES,Fresh Vegetables,Produce,,,,Cooler,10.5,OZ,Package,21,21,"[{'facet_name': 'Vegetables', 'facet_value': 'Tomatoes', 'facet_term_id': 1152}]",,,[]
70,1551121820,19688,Jumbo Red Onions,,"<p>Onions, Red, Jumbo, Fresh</p>","<p>Onions, Red, Jumbo, Fresh</p>",155112,0,https://gfsstore.com/?post_type=product&#038;p=19688,https://gfsstore.com/?post_type=product&#038;p=19688,,,"<p>Onions, Red, Jumbo, Fresh</p>","['1551121', '1551120', '155112']",1551121|1551120|155112,182,Jumbo Red Onions,,,,"<p>Onions, Red, Jumbo, Fresh, Approximately 1lb each</p>","Jumbo Red Onions  Fresh Vegetables <p>Onions, Red, Jumbo, Fresh, Approximately 1lb each</p>",1.39,,['400015511216'],FRESH ONIONS,Fresh Vegetables,Produce,,,,Dry,13.33,OZ,Each,9,20,"[{'facet_name': 'Vegetables', 'facet_value': 'Onions', 'facet_term_id': 1107}]",,,[]
71,7899421820,19524,Avocado Chunks,,"<p>Avocado, Chunky, Fresh Cut, 2 Lb Tray</p>","<p>Avocado, Chunky, Fresh Cut, 2 Lb Tray</p>",789942,0,https://gfsstore.com/?post_type=product&#038;p=19524,https://gfsstore.com/?post_type=product&#038;p=19524,,,"<p>Avocado, Chunky, Fresh Cut, 2 Lb Tray</p>","['7899421', '789942']",7899421|789942,182,Avocado Chunks,Ready-Set-Serve,Ready-Set-Serve,ready-set-serve,"Avocado, Chunky, Fresh Cut, 2 Lb Tray","Avocado Chunks Ready-Set-Serve Fresh Fruit Avocado, Chunky, Fresh Cut, 2 Lb Tray",9.99,,"['400078994216', '611628914763']",FRESH TREE FRUIT,Fresh Fruit,Produce,,,,Cooler,32,OZ,Tray,51,19,"[{'facet_name': 'Fruits', 'facet_value': 'Avocado', 'facet_term_id': 1032}]",,"[{'term_id': 50, 'slug': 'markon-ready-set-serve', 'name': 'Markon Ready Set Serve', 'parent': 0, 'term_taxonomy_id': 50}]",
72,8387901820,35731,Bagged Granny Smith Apples,,"<p>Apples, Granny Smith, Fresh, Bagged, 3 Lb Bag</p>","<p>Apples, Granny Smith, Fresh, Bagged, 3 Lb Bag</p>",838790,0,https://gfsstore.com/?post_type=product&#038;p=35731,https://gfsstore.com/?post_type=product&#038;p=35731,,,"<p>Apples, Granny Smith, Fresh, Bagged, 3 Lb Bag</p>","['8387901', '838790']",8387901|838790,182,Bagged Granny Smith Apples,,,,"Apples, Granny Smith, Fresh, Bagged, 3 Lb Bag","Bagged Granny Smith Apples  Fresh Fruit Apples, Granny Smith, Fresh, Bagged, 3 Lb Bag",6.79,,"['022906300275', '033383001531', '033383001562', '070253005329', '400083879010', '671155031692', '741839070030', '813504010044', '847473001833', '851210002915', '882648000600', '888289401080']",FRESH APPLES,Fresh Fruit,Produce,,,,Cooler,48,OZ,Bag,17,17,"[{'facet_name': 'Fruits', 'facet_value': 'Apples', 'facet_term_id': 1020}]",,,[]
73,2140911820,18459,Vine-Ripened Tomatoes,,"<p>Tomatoes, Vine-Ripened, Hydroponic, Fresh, 15 Lb Package</p>","<p>Tomatoes, Vine-Ripened, Hydroponic, Fresh, 15 Lb Package</p>",214091,0,https://gfsstore.com/?post_type=product&#038;p=18459,https://gfsstore.com/?post_type=product&#038;p=18459,,,"<p>Tomatoes, Vine-Ripened, Hydroponic, Fresh, 15 Lb Package</p>","['2140911', '214091']",2140911|214091,182,Vine-Ripened Tomatoes,,,,"<p>Tomatoes, Vine-Ripened, Hydroponic, Fresh</p>
<p>&nbsp;</p>","Vine-Ripened Tomatoes  Fresh Vegetables <p>Tomatoes, Vine-Ripened, Hydroponic, Fresh</p>
<p>&nbsp;</p>",2.29,,['400021409118'],FRESH TOMATOES,Fresh Vegetables,Produce,,,,Cooler,12,OZ,Package,40,16,"[{'facet_name': 'Vegetables', 'facet_value': 'Tomatoes', 'facet_term_id': 1152}]",,,[]
74,5925321820,18625,Whole Jalapeno Peppers,,"<p>Peppers, Jalapeno, Whole, 3 Lb Package</p>","<p>Peppers, Jalapeno, Whole, 3 Lb Package</p>",592532,0,https://gfsstore.com/?post_type=product&#038;p=18625,https://gfsstore.com/?post_type=product&#038;p=18625,,,"<p>Peppers, Jalapeno, Whole, 3 Lb Package</p>","['5925321', '592532']",5925321|592532,182,Whole Jalapeno Peppers,,,,"Peppers, Jalapeno, Whole, 3 Lb Package","Whole Jalapeno Peppers  Fresh Vegetables Peppers, Jalapeno, Whole, 3 Lb Package",7.49,,"['042808350147', '081851081509', '081851081653', '400059253219', '42808350147']",FRESH PEPPERS,Fresh Vegetables,Produce,,,,Cooler,48,OZ,Package,42,15,"[{'facet_name': 'Vegetables', 'facet_value': 'Peppers', 'facet_term_id': 1116}]",,,[]
75,8963471820,132480,Fresh Parsley,,"<p>Parsley, Fresh, 0.67 Oz Package</p>","<p>Parsley, Fresh, 0.67 Oz Package</p>",896347,0,https://gfsstore.com/products/896347/,https://gfsstore.com/products/896347/,,,"<p>Parsley, Fresh, 0.67 Oz Package</p>","['8963471', '896347']",8963471|896347,182,Fresh Parsley,Square Roots,Square Roots,square roots,"Parsley, Fresh, 0.67 Oz Package","Fresh Parsley Square Roots Fresh Herbs Parsley, Fresh, 0.67 Oz Package",2.89,,"['400089634712', '850009263308']",FRESH HERBS,Fresh Herbs,Produce,,,,Cooler,.67,OZ,Package,11,11,[],,,[]
76,4283531820,46437,Fresh Peeled Garlic,,"<p>Garlic, Peeled, Fresh Cut, 5 Lb Bag</p>","<p>Garlic, Peeled, Fresh Cut, 5 Lb Bag</p>",428353,0,https://gfsstore.com/products/428353/,https://gfsstore.com/products/428353/,,,"<p>Garlic, Peeled, Fresh Cut, 5 Lb Bag</p>","['4283530', '428353']",4283530|428353,182,Fresh Peeled Garlic,Ready-Set-Serve,Ready-Set-Serve,ready-set-serve,"Garlic, Peeled, Fresh Cut, 5 Lb Bag","Fresh Peeled Garlic Ready-Set-Serve Ready-to-Use Vegetables Garlic, Peeled, Fresh Cut, 5 Lb Bag",29.49,,"['023562010010', '023562010058', '092883001045', '400042835309', '611628959979', '611628960005', '611628960012', '646127231011', '891303002019']",VALUE-ADD ONIONS,Ready-to-Use Vegetables,Produce,,,,Cooler,80,Each,OZ,26,9,"[{'facet_name': 'Vegetables', 'facet_value': 'Garlic', 'facet_term_id': 1099}]",,,[]
77,5841941820,34293,Yukon Gold Potatoes,,"<p>Potatoes, Yukon Gold, 3 Lb Bag</p>","<p>Potatoes, Yukon Gold, 3 Lb Bag</p>",584194,0,https://gfsstore.com/?post_type=product&#038;p=34293,https://gfsstore.com/?post_type=product&#038;p=34293,,,"<p>Potatoes, Yukon Gold, 3 Lb Bag</p>","['5841941', '584194']",5841941|584194,182,Yukon Gold Potatoes,,,,"Potatoes, Yukon Gold, 3 Lb Bag","Yukon Gold Potatoes  Fresh Vegetables Potatoes, Yukon Gold, 3 Lb Bag",2.99,,"['030921083400', '033383533001', '033383533032', '071228178024', '400058419418', '605806002137', '859083007617']",FRESH ROOT VEGETABLES,Fresh Vegetables,Produce,,,,Dry,48,OZ,Bag,25,9,"[{'facet_name': 'Vegetables', 'facet_value': 'Potatoes', 'facet_term_id': 1128}]",,,[]
78,1981611820,40866,Matchstick Shredded Carrots,,"<p>Carrots, Matchstick-Shredded, Reclosable, Fresh Cut, 3 Lb Bag</p>","<p>Carrots, Matchstick-Shredded, Reclosable, Fresh Cut, 3 Lb Bag</p>",198161,0,https://gfsstore.com/products/198161/,https://gfsstore.com/products/198161/,,,"<p>Carrots, Matchstick-Shredded, Reclosable, Fresh Cut, 3 Lb Bag</p>","['1981611', '198161']",1981611|198161,182,Matchstick Shredded Carrots,Ready-Set-Serve,Ready-Set-Serve,ready-set-serve,"Carrots, Matchstick-Shredded, Reclosable, Fresh Cut, 3 Lb Bag","Matchstick Shredded Carrots Ready-Set-Serve Ready-to-Use Vegetables Carrots, Matchstick-Shredded, Reclosable, Fresh Cut, 3 Lb Bag",6.79,,"['092538001048', '093901198167', '611628916477']",VALUE-ADD CARROTS,Ready-to-Use Vegetables,Produce,,,,Cooler,48,OZ,Bag,42,7,"[{'facet_name': 'Vegetables', 'facet_value': 'Carrots', 'facet_term_id': 1017}]",,,[]
79,8868931820,131108,Mini Sweet Peppers,,"<p>Peppers, Sweet, Mini, Fresh, 1 Lb Package</p>","<p>Peppers, Sweet, Mini, Fresh, 1 Lb Package</p>",886893,0,https://gfsstore.com/products/886893/,https://gfsstore.com/products/886893/,,,"<p>Peppers, Sweet, Mini, Fresh, 1 Lb Package</p>","['8868931', '886893']",8868931|886893,182,Mini Sweet Peppers,,,,"Peppers, Sweet, Mini, Fresh, 1 Lb Package","Mini Sweet Peppers  Fresh Vegetables Peppers, Sweet, Mini, Fresh, 1 Lb Package",3.99,,"['400088689317', '603224224230', '684924040610', '684924050169', '689259003453', '699058812132', '699058930010', '737186370961', '816426010444', '850014387204', '853865006003', '874896005575', '884051040174', '8962470010984']",FRESH PEPPERS,Fresh Vegetables,Produce,,,,Cooler,16,OZ,Package,6,6,"[{'facet_name': 'Vegetables', 'facet_value': 'Peppers', 'facet_term_id': 1116}]",,,[]
80,7260021820,56709,Navel Oranges,,"<p>Oranges, Navel, 72 Count, Fresh, 72 Ct Package</p>","<p>Oranges, Navel, 72 Count, Fresh, 72 Ct Package</p>",726002,0,https://gfsstore.com/products/726002/,https://gfsstore.com/products/726002/,,,"<p>Oranges, Navel, 72 Count, Fresh, 72 Ct Package</p>","['7260021', '726002']",7260021|726002,182,Navel Oranges,,,,"<p>Oranges, Navel, Fresh</p>","Navel Oranges  Fresh Fruit <p>Oranges, Navel, Fresh</p>",0.89,,['400072600212'],FRESH CITRUS,Fresh Fruit,Produce,,,,Cooler,1,EA,Package,100,3,[],,,[]
81,4304731820,221930,Packed Beets,,"<p>Beets, Packed, 17.6 Oz Each</p>","<p>Beets, Packed, 17.6 Oz Each</p>",430473,0,https://gfsstore.com/products/430473/,https://gfsstore.com/products/430473/,,,"<p>Beets, Packed, 17.6 Oz Each</p>","['4304731', '430473']",4304731|430473,182,Packed Beets,Beetology,Beetology,beetology,"Beets, Packed, 17.6 Oz Each","Packed Beets Beetology Fresh Vegetables Beets, Packed, 17.6 Oz Each",3.49,,"['073490159213', '400043047312']",Fresh Miscellaneous Vegetables,Fresh Vegetables,Produce,,,,Cooler,17.6,OZ,Each,3,3,[],,,[]
82,7486761820,53321,Tomatillos,,"<p>Tomatillos, Fresh, 25 Lb Bag</p>","<p>Tomatillos, Fresh, 25 Lb Bag</p>",748676,0,https://gfsstore.com/products/748676/,https://gfsstore.com/products/748676/,,,"<p>Tomatillos, Fresh, 25 Lb Bag</p>","['7486761', '748676']",7486761|748676,182,Tomatillos,,,,"Tomatillos, Fresh, 25 Lb Bag","Tomatillos  Fresh Vegetables Tomatillos, Fresh, 25 Lb Bag",2.49,,['400074867613'],FRESH TOMATOES,Fresh Vegetables,Produce,,,,Cooler,1.67,OZ,Bag,2,0,"[{'facet_name': 'Vegetables', 'facet_value': 'Tomatoes', 'facet_term_id': 1152}]",,,[]
